0.6465199589729309,0.766219973564148,0.800059974193573,0.8405599594116211,0.8610799908638,0.8864799737930298,0.8987199664115906,0.9123599529266357,0.9278599619865417,0.9339199662208557,0.9378199577331543,0.9487400054931641,0.9573999643325806,0.9595800042152405,0.960379958152771,0.9688199758529663,0.9717199802398682,0.9759999513626099,0.9738999605178833,0.9815199971199036,0.9783599972724915,0.9841199517250061,0.9848799705505371,,,,,,,,,,,,,,,,,,,,,
0.6682199835777283,0.7531399726867676,0.802619993686676,0.8301399946212769,0.8624599575996399,0.8650799989700317,0.8891800045967102,0.9040199518203735,0.9206799864768982,0.9301199913024902,0.936739981174469,0.9416999816894531,0.9521600008010864,0.948419988155365,0.9538799524307251,0.9671799540519714,0.9744399785995483,0.9688400030136108,0.9739399552345276,,,,,,,,,,,,,,,,,,,,,,,,,
0.6570799946784973,0.7622199654579163,0.8112199902534485,0.8443599939346313,0.8622999787330627,0.8867200016975403,0.8905799984931946,0.9120799899101257,0.9167400002479553,0.9323599934577942,0.9386799931526184,0.9440400004386902,0.9531399607658386,0.9622199535369873,0.9623399972915649,0.9724799990653992,0.9738199710845947,0.9710999727249146,0.9766799807548523,0.9767999649047852,0.9810199737548828,0.9798599481582642,0.982699990272522,,,,,,,,,,,,,,,,,,,,,
0.6547200083732605,0.7544999718666077,0.7981999516487122,0.8388599753379822,0.8497999906539917,0.8896999955177307,0.9013599753379822,0.9041199684143066,0.9181599617004395,0.9299399852752686,0.9322399497032166,0.9430599808692932,0.9531199932098389,0.9634599685668945,0.9604599475860596,0.9706999659538269,0.9780799746513367,0.9757599830627441,0.9778199791908264,0.9791999459266663,0.9794399738311768,0.9781000018119812,0.9808399677276611,,,,,,,,,,,,,,,,,,,,,
0.665399968624115,0.7542999982833862,0.8075999617576599,0.8408599495887756,0.8605599999427795,0.8800599575042725,0.888979971408844,0.90829998254776,0.9208999872207642,0.932699978351593,0.9387199878692627,0.9460199475288391,0.9506999850273132,0.9586599469184875,0.9627199769020081,0.9709999561309814,0.9740599989891052,0.9704799652099609,0.9761999845504761,0.9717399477958679,0.9809399843215942,0.9777799844741821,0.975820004940033,0.9766199588775635,0.9805999994277954,0.9845999479293823,,,,,,,,,,,,,,,,,,
0.5004799962043762,0.6207000017166138,0.6895999908447266,0.7332599759101868,0.7739799618721008,0.8000400066375732,0.8279199600219727,0.8327199816703796,0.8574000000953674,0.8701799511909485,0.877839982509613,0.8890999555587769,0.9026199579238892,0.9110199809074402,0.9180399775505066,0.9250399470329285,0.9265799522399902,0.9312399625778198,0.9399799704551697,0.9459199905395508,0.9484999775886536,0.9506399631500244,0.9603599905967712,0.9529999494552612,0.9630199670791626,0.9616599678993225,0.9669199585914612,0.97079998254776,0.9757599830627441,0.9724999666213989,0.9711999893188477,0.9687199592590332,0.9770599603652954,,,,,,,,,,,
0.49254000186920166,0.617680013179779,0.6849799752235413,0.7328199744224548,0.7785999774932861,0.8050400018692017,0.8279799818992615,0.8362199664115906,0.8547399640083313,0.8662599921226501,0.8858999609947205,0.8860999941825867,0.8967399597167969,0.9083199501037598,0.9121599793434143,0.9186999797821045,0.9239199757575989,0.9245599508285522,0.9420999884605408,0.9473799467086792,0.9457199573516846,0.944599986076355,0.9515599608421326,0.9529799818992615,0.9630599617958069,0.9677599668502808,0.9688199758529663,0.9626399874687195,0.9705599546432495,0.973639965057373,0.9748799800872803,0.9729200005531311,,,,,,,,,,,,
0.527180016040802,0.6389399766921997,0.7164999842643738,0.7505199909210205,0.793239951133728,0.8153199553489685,0.833079993724823,0.8468199968338013,0.8702200055122375,0.8819400072097778,0.8899999856948853,0.9035199880599976,0.9118599891662598,0.8988999724388123,0.9187399744987488,0.9227599501609802,0.9282199740409851,0.9401999711990356,0.9462199807167053,0.9507399797439575,0.9529399871826172,0.952239990234375,0.9583999514579773,0.9642599821090698,0.9654399752616882,,,,,,,,,,,,,,,,,,,
0.49827998876571655,0.6191200017929077,0.7159599661827087,0.7664799690246582,0.7912200093269348,0.818619966506958,0.8377199769020081,0.8547399640083313,0.865839958190918,0.8890999555587769,0.8901199698448181,0.899459958076477,0.9099599719047546,0.9203799962997437,0.9275599718093872,0.9339199662208557,0.9274799823760986,0.9375399947166443,0.9429599642753601,0.9519400000572205,0.9582799673080444,0.9573599696159363,0.9632399678230286,0.9555799961090088,,,,,,,,,,,,,,,,,,,,
0.5014600157737732,0.6220399737358093,0.7140600085258484,0.7523599863052368,0.7832399606704712,0.8168999552726746,0.8346399664878845,0.8534599542617798,0.8658599853515625,0.8885599970817566,0.8864799737930298,0.8995800018310547,0.9082599878311157,0.9137600064277649,0.925599992275238,0.9313799738883972,0.9366999864578247,0.9441999793052673,0.947119951248169,0.9534199833869934,0.9559999704360962,0.9597599506378174,0.9596799612045288,0.9628599882125854,0.9631399512290955,0.9713799953460693,0.9696799516677856,,,,,,,,,,,,,,,,,
0.3741399943828583,0.4932999908924103,0.5665799975395203,0.6076200008392334,0.6672599911689758,0.682159960269928,0.7178199887275696,0.7509399652481079,0.7685199975967407,0.7874000072479248,0.8152399659156799,0.808899998664856,0.8225399851799011,0.8366199731826782,0.8426799774169922,0.8591799736022949,0.8517999649047852,0.8728199601173401,0.8800199627876282,0.8875399827957153,0.8806999921798706,0.898099958896637,0.9069199562072754,0.9056599736213684,0.895859956741333,0.9136599898338318,0.9203599691390991,0.9177599549293518,0.9304599761962891,0.9302199482917786,0.9312799572944641,,,,,,,,,,,,,
0.35082000494003296,0.42311999201774597,0.5177000164985657,0.5949199795722961,0.6517999768257141,0.695859968662262,0.723639965057373,0.744439959526062,0.7704199552536011,0.7830599546432495,0.8082399964332581,0.8137799501419067,0.8220599889755249,0.8325600028038025,0.8447200059890747,0.8586399555206299,0.8600199818611145,0.8655999898910522,0.8729999661445618,0.8867599964141846,0.8920999765396118,0.8924199938774109,0.9026199579238892,0.8978599905967712,0.914419949054718,0.9159999489784241,0.9061599969863892,0.9170199632644653,0.9259799718856812,,,,,,,,,,,,,,,
0.3320799767971039,0.4667799770832062,0.5537799596786499,0.642520010471344,0.677299976348877,0.7285000085830688,0.7383399605751038,0.7763599753379822,0.7965799570083618,0.8111400008201599,0.823919951915741,0.8357799649238586,0.8487599492073059,0.8491799831390381,0.8684999942779541,0.8769599795341492,0.8896799683570862,0.8858999609947205,0.8883199691772461,0.8963799476623535,0.8957399725914001,0.9114399552345276,0.909500002861023,0.9203999638557434,0.9150199890136719,0.9237399697303772,0.9217399954795837,0.9312399625778198,0.9379599690437317,,,,,,,,,,,,,,,
0.39754000306129456,0.5150200128555298,0.595259964466095,0.6444399952888489,0.6632599830627441,0.6945799589157104,0.7409600019454956,0.7591399550437927,0.7826199531555176,0.8044599890708923,0.8093400001525879,0.8369199633598328,0.8368799686431885,0.8530799746513367,0.8678199648857117,0.8612200021743774,0.8735599517822266,0.8806399703025818,0.8871199488639832,0.8969199657440186,0.893779993057251,0.9031599760055542,0.9101999998092651,0.9088999629020691,0.9189599752426147,0.9203400015830994,0.9205399751663208,0.9206399917602539,0.9290599822998047,0.9330799579620361,0.9377999901771545,0.9390400052070618,0.9436999559402466,0.9467200040817261,0.9461199641227722,0.9539199471473694,0.9559399485588074,,,,,,,
0.41641998291015625,0.5419600009918213,0.5983799695968628,0.6589800119400024,0.7066599726676941,0.7213000059127808,0.7402399778366089,0.7758599519729614,0.7935599684715271,0.8128599524497986,0.8271200060844421,0.8340799808502197,0.8349799513816833,0.8550999760627747,0.8672599792480469,0.8710199594497681,0.8745799660682678,0.8848199844360352,0.8916999697685242,0.9034000039100647,0.899679958820343,0.9025399684906006,0.9128999710083008,0.917199969291687,0.9246000051498413,0.9259999990463257,0.9350399971008301,0.9348999857902527,0.9416799545288086,0.9326599836349487,0.9412599802017212,0.9497199654579163,0.9478799700737,0.9453399777412415,0.9528599977493286,0.9565799832344055,0.9625799655914307,0.9605799913406372,0.9590999484062195,0.9578999876976013,0.9666799902915955,0.9676199555397034,0.9698799848556519,0.9651399850845337
0.3118399977684021,0.3924199938774109,0.48357999324798584,0.5681799650192261,0.6159399747848511,0.6537599563598633,0.6711999773979187,0.6982399821281433,0.7249400019645691,0.7225399613380432,0.7432000041007996,0.7727999687194824,0.7850599884986877,0.8046599626541138,0.8141599893569946,0.8157999515533447,0.8233999609947205,0.8413599729537964,0.8482999801635742,0.8531599640846252,0.8571799993515015,0.8694999814033508,0.8759999871253967,0.8693199753761292,0.8838599920272827,0.8881999850273132,0.8962999582290649,0.8979599475860596,0.9041999578475952,0.9017199873924255,0.9004799723625183,0.9078199863433838,0.9159799814224243,0.9242799878120422,0.9197399616241455,0.9285799860954285,0.930899977684021,0.9289999604225159,,,,,,
0.3123999834060669,0.426939994096756,0.5090399980545044,0.5541399717330933,0.5833399891853333,0.6244199872016907,0.6668599843978882,0.6973400115966797,0.6957399845123291,0.7245599627494812,0.7513599991798401,0.7630599737167358,0.7731399536132812,0.7925399541854858,0.8058799505233765,0.8238799571990967,0.8231399655342102,0.8322599530220032,0.8332599997520447,0.8475399613380432,0.8571799993515015,0.8619999885559082,0.8639400005340576,0.867139995098114,0.8742199540138245,0.8812199831008911,0.8876000046730042,0.8947399854660034,0.8863199949264526,0.8988800048828125,0.8971399664878845,,,,,,,,,,,,,
0.2917400002479553,0.3688800036907196,0.4618399739265442,0.5200200080871582,0.5794000029563904,0.6224200129508972,0.6610599756240845,0.6846399903297424,0.7100600004196167,0.7301999926567078,0.7472400069236755,0.7505599856376648,0.7686399817466736,0.7870199680328369,0.8011999726295471,0.8066999912261963,0.8219999670982361,0.8288999795913696,0.8430399894714355,0.8540199995040894,0.8490999937057495,0.8592000007629395,0.8709200024604797,0.8662199974060059,,,,,,,,,,,,,,,,,,,,
0.300819993019104,0.36139997839927673,0.42899999022483826,0.4640199840068817,0.544219970703125,0.6068599820137024,0.6309199929237366,0.661359965801239,0.6847999691963196,0.7088599801063538,0.7290599942207336,0.7461400032043457,0.7639200091362,0.7751599550247192,0.7973600029945374,0.8087799549102783,0.808899998664856,0.8248800039291382,0.8349799513816833,0.8423599600791931,0.8476199507713318,0.8567599654197693,0.8646199703216553,0.873699963092804,0.874239981174469,0.8818999528884888,0.8775799870491028,0.8952999711036682,,,,,,,,,,,,,,,,
0.3180599808692932,0.3812599778175354,0.4351999759674072,0.49695998430252075,0.5756799578666687,0.6035199761390686,0.6336399912834167,0.6678400039672852,0.6611199975013733,0.6974999904632568,0.7344799637794495,0.7608999609947205,0.7769399881362915,0.7835599780082703,0.8022199869155884,0.8114799857139587,0.8182399868965149,0.8318600058555603,0.8440399765968323,0.8453999757766724,0.8698999881744385,0.8735799789428711,0.876800000667572,0.8855399489402771,0.8840799927711487,0.8911199569702148,0.8969799876213074,0.8948999643325806,0.9030399918556213,0.8983799815177917,0.905519962310791,0.9122399687767029,0.909280002117157,0.9275799989700317,0.9296000003814697,0.927299976348877,,,,,,,,
0.718559980392456,0.8046799898147583,0.8509799838066101,0.8742799758911133,0.893779993057251,0.9124799966812134,0.9235799908638,0.9298799633979797,0.9431999921798706,0.9500399827957153,0.9532999992370605,0.9617199897766113,0.9675799608230591,0.964959979057312,0.9678399562835693,0.9717999696731567,,,,,,,,,,,,,,,,,,,,,,,,,,,,
0.7217199802398682,0.7971400022506714,0.8401399850845337,0.8675000071525574,0.8946999907493591,0.8986199498176575,0.9211999773979187,0.9283199906349182,0.9378799796104431,0.9492599964141846,0.9485999941825867,0.95305997133255,0.9642399549484253,0.9632999897003174,0.9647799730300903,0.9729200005531311,0.9739799499511719,0.9744399785995483,0.9739999771118164,,,,,,,,,,,,,,,,,,,,,,,,,
0.7254199981689453,0.7868799567222595,0.8360799551010132,0.8713600039482117,0.8939999938011169,0.90829998254776,0.9219200015068054,0.9362999796867371,0.9399799704551697,0.948639988899231,0.9524999856948853,0.9576399922370911,0.9594999551773071,0.9653599858283997,0.9677799940109253,0.9726399779319763,0.9723199605941772,0.9746399521827698,0.9773199558258057,,,,,,,,,,,,,,,,,,,,,,,,,
0.706559956073761,0.8002399802207947,0.8434000015258789,0.8675000071525574,0.8916800022125244,0.9014999866485596,0.9182599782943726,0.9309599995613098,0.9455999732017517,0.9467799663543701,0.9562399983406067,0.959559977054596,0.9641599655151367,0.9643999934196472,0.9711399674415588,0.9700199961662292,0.9729399681091309,0.9729599952697754,0.9761599898338318,0.9799599647521973,0.979479968547821,0.9757599830627441,,,,,,,,,,,,,,,,,,,,,,
0.7128199934959412,0.7893399596214294,0.8431800007820129,0.8760599493980408,0.8937599658966064,0.9065999984741211,0.9274199604988098,0.9276399612426758,0.9449599981307983,0.9466999769210815,0.9566799998283386,0.9567399621009827,0.9645199775695801,0.9691199660301208,0.9704799652099609,0.9723199605941772,0.9738399982452393,0.9712399840354919,0.9756799936294556,0.9777799844741821,,,,,,,,,,,,,,,,,,,,,,,,
0.6383999586105347,0.7469199895858765,0.8000999689102173,0.8347399830818176,0.8591600060462952,0.8760599493980408,0.8947199583053589,0.903939962387085,0.9233599901199341,0.9275400042533875,0.9403599500656128,0.9399199485778809,0.9474799633026123,0.9491999745368958,0.9562399983406067,0.9611799716949463,0.9653799533843994,0.9673199653625488,,,,,,,,,,,,,,,,,,,,,,,,,,
0.6391199827194214,0.7425199747085571,0.7961799502372742,0.8291199803352356,0.8664199709892273,0.8771599531173706,0.8938599824905396,0.9048799872398376,0.9134199619293213,0.9292399883270264,0.9379400014877319,0.9399600028991699,0.9459799528121948,0.9529599547386169,0.9574999809265137,0.9574399590492249,0.9620999693870544,0.9587999582290649,0.9670400023460388,,,,,,,,,,,,,,,,,,,,,,,,,
0.6434800028800964,0.7475199699401855,0.799839973449707,0.8407999873161316,0.8595199584960938,0.8789199590682983,0.8972799777984619,0.9057799577713013,0.9145199656486511,0.9261800050735474,0.934179961681366,0.9409199953079224,0.9478999972343445,0.9491599798202515,0.9594999551773071,0.962399959564209,0.9625999927520752,0.9630399942398071,0.9648399949073792,,,,,,,,,,,,,,,,,,,,,,,,,
0.6600399613380432,0.7554999589920044,0.7973600029945374,0.8359599709510803,0.8592000007629395,0.8728199601173401,0.8884199857711792,0.9055599570274353,0.9216199517250061,0.923799991607666,0.9383399486541748,0.9429599642753601,0.9499399662017822,0.9489599466323853,0.9578199982643127,0.9625200033187866,0.9635399580001831,0.9653799533843994,0.9684399962425232,0.9674999713897705,0.969980001449585,,,,,,,,,,,,,,,,,,,,,,,
0.6508399844169617,0.7403799891471863,0.7844799757003784,0.8325200080871582,0.852899968624115,0.8673799633979797,0.8957599997520447,0.8976199626922607,0.9185199737548828,0.9210399985313416,0.9321799874305725,0.9380399584770203,0.9505599737167358,0.9515599608421326,0.9524999856948853,0.9587799906730652,0.9655199646949768,0.9687199592590332,0.9643599987030029,0.9670799970626831,0.9741199612617493,,,,,,,,,,,,,,,,,,,,,,,
0.5308200120925903,0.6549800038337708,0.7063199877738953,0.7590399980545044,0.7868599891662598,0.8139999508857727,0.8382599949836731,0.8538199663162231,0.8720399737358093,0.8804799914360046,0.8892199993133545,0.8959199786186218,0.9099999666213989,0.9149799942970276,0.9235599637031555,0.9312199950218201,0.929639995098114,0.937559962272644,0.9397199749946594,0.9468399882316589,0.9551599621772766,0.9482399821281433,0.9610399603843689,0.9638599753379822,0.9641599655151367,0.9563799500465393,,,,,,,,,,,,,,,,,,
0.5349599719047546,0.6446399688720703,0.7166799902915955,0.7570599913597107,0.7888999581336975,0.822380006313324,0.8366000056266785,0.8537799715995789,0.8724600076675415,0.8773399591445923,0.8953799605369568,0.9061200022697449,0.9117199778556824,0.9259999990463257,0.9220799803733826,0.9334799647331238,0.9394199848175049,0.9413399696350098,0.9507799744606018,0.9531199932098389,0.9528200030326843,0.9600399732589722,0.9605599641799927,0.9640599489212036,0.9679200053215027,0.9691399931907654,0.967519998550415,0.969539999961853,,,,,,,,,,,,,,,,
0.5299000144004822,0.6295199990272522,0.6971200108528137,0.7534199953079224,0.7904999852180481,0.8077999949455261,0.838919997215271,0.8529399633407593,0.8742799758911133,0.8903200030326843,0.8970999717712402,0.9074199795722961,0.9168999791145325,0.9211399555206299,0.9303999543190002,0.9336199760437012,0.9408599734306335,0.9450799822807312,0.9512999653816223,0.9538799524307251,0.9573599696159363,0.9510200023651123,0.960599958896637,0.9604399800300598,,,,,,,,,,,,,,,,,,,,
0.5197799801826477,0.6340199708938599,0.7092999815940857,0.7623400092124939,0.7874000072479248,0.816540002822876,0.8358399868011475,0.8607999682426453,0.8708800077438354,0.8796599507331848,0.8919999599456787,0.9058399796485901,0.9156000018119812,0.9122599959373474,0.9294599890708923,0.9245799779891968,0.9380799531936646,0.9450799822807312,0.9457199573516846,0.9528799653053284,0.9564799666404724,0.956559956073761,0.9584599733352661,0.9638599753379822,0.9669599533081055,0.9630799889564514,,,,,,,,,,,,,,,,,,
0.5377399921417236,0.6552799940109253,0.7160399556159973,0.7623999714851379,0.7957800030708313,0.8176800012588501,0.8477599620819092,0.8585000038146973,0.8658599853515625,0.8858799934387207,0.8912000060081482,0.9015199542045593,0.9112399816513062,0.9179399609565735,0.926859974861145,0.9347399473190308,0.9424799680709839,0.9454999566078186,0.9482599496841431,0.9515199661254883,0.9532199501991272,0.9610999822616577,0.9634400010108948,0.9606799483299255,0.9605399966239929,0.966219961643219,,,,,,,,,,,,,,,,,,
0.437639981508255,0.568340003490448,0.6330999732017517,0.6756599545478821,0.7163999676704407,0.744159996509552,0.7694399952888489,0.7883599996566772,0.8077200055122375,0.8249599933624268,0.8413800001144409,0.8473999500274658,0.8631999492645264,0.8779000043869019,0.8817799687385559,0.8943799734115601,0.8890999555587769,0.911359965801239,0.9061999917030334,0.914680004119873,0.9208399653434753,0.9246599674224854,0.9319599866867065,0.9375799894332886,0.9381600022315979,0.9459399580955505,0.9493999481201172,0.9511799812316895,0.9547199606895447,0.9494799971580505,0.9547999501228333,,,,,,,,,,,,,
0.43615999817848206,0.5627599954605103,0.6218199729919434,0.6789799928665161,0.7108399868011475,0.7541599869728088,0.7768200039863586,0.8023799657821655,0.8229599595069885,0.8389599919319153,0.8467400074005127,0.8624399900436401,0.8683199882507324,0.8819599747657776,0.8914399743080139,0.9025200009346008,0.8994199633598328,0.9152199625968933,0.9196999669075012,0.9251399636268616,0.9232800006866455,0.9302600026130676,0.9384999871253967,0.9402199983596802,0.941819965839386,0.9453999996185303,0.9457199573516846,0.9538399577140808,0.9551199674606323,0.9580999612808228,0.959879994392395,0.9634400010108948,0.9667199850082397,0.9655199646949768,0.9652400016784668,0.9617199897766113,,,,,,,,
0.41557997465133667,0.535539984703064,0.6015200018882751,0.6543799638748169,0.69923996925354,0.7459999918937683,0.7590799927711487,0.7918799519538879,0.7923600077629089,0.8274399638175964,0.8418599963188171,0.8503599762916565,0.8571599721908569,0.8733999729156494,0.8920599818229675,0.8965599536895752,0.895359992980957,0.9079200029373169,0.9100599884986877,0.9194200038909912,0.9277999997138977,0.9285999536514282,0.9368399977684021,0.9416399598121643,0.9443199634552002,0.9467399716377258,0.9445399641990662,0.9555999636650085,0.9559599757194519,0.9570399522781372,0.9600199460983276,0.9568599462509155,0.9670400023460388,0.9675799608230591,0.9656599760055542,0.9652199745178223,,,,,,,,
0.44453999400138855,0.5561999678611755,0.611840009689331,0.6611199975013733,0.7156999707221985,0.7405799627304077,0.7781400084495544,0.8042599558830261,0.8100799918174744,0.8434799909591675,0.8497399687767029,0.8608399629592896,0.8743999600410461,0.8791599869728088,0.8848199844360352,0.9021599888801575,0.9044599533081055,0.9108399748802185,0.9135800004005432,0.927899956703186,0.9280799627304077,0.9346599578857422,0.9252199530601501,0.9447399973869324,0.948699951171875,0.9476999640464783,0.9421799778938293,,,,,,,,,,,,,,,,,
0.4300999939441681,0.5489000082015991,0.6186599731445312,0.674340009689331,0.7114999890327454,0.73881995677948,0.7711600065231323,0.7916199564933777,0.8154599666595459,0.8329799771308899,0.841759979724884,0.8569200038909912,0.8738799691200256,0.8682999610900879,0.8977999687194824,0.8885599970817566,0.9050799608230591,0.9083999991416931,0.9182800054550171,0.9179799556732178,0.9282599687576294,0.9298999905586243,,,,,,,,,,,,,,,,,,,,,,
0.6311999559402466,0.7531999945640564,0.7807999849319458,0.8043999671936035,0.8230999708175659,0.8316999673843384,0.8409000039100647,0.8458999991416931,0.8585999608039856,0.8539999723434448,0.852400004863739,0.8574999570846558,0.8600999712944031,0.858199954032898,0.8532999753952026,0.8603000044822693,0.8568999767303467,0.8605999946594238,0.8600999712944031,0.8662999868392944,0.8601999878883362,0.8615999817848206,0.8689999580383301,,,,,,,,,,,,,,,,,,,,,
0.6521999835968018,0.7303999662399292,0.7763999700546265,0.8011999726295471,0.8192999958992004,0.8180999755859375,0.8344999551773071,0.8414999842643738,0.8519999980926514,0.8575999736785889,0.8539999723434448,0.854699969291687,0.8578999638557434,0.8519999980926514,0.8572999835014343,0.8603999614715576,0.8641999959945679,0.8604999780654907,0.8607999682426453,,,,,,,,,,,,,,,,,,,,,,,,,
0.6521999835968018,0.7482999563217163,0.7904999852180481,0.8134999871253967,0.8191999793052673,0.8346999883651733,0.8357999920845032,0.8509999513626099,0.8448999524116516,0.852400004863739,0.856499969959259,0.85589998960495,0.8608999848365784,0.8623999953269958,0.8621999621391296,0.8672999739646912,0.8707000017166138,0.8560999631881714,0.8649999499320984,0.8613999485969543,0.8666999936103821,0.861799955368042,0.8654999732971191,,,,,,,,,,,,,,,,,,,,,
0.6419999599456787,0.734499990940094,0.7774999737739563,0.8087999820709229,0.8090999722480774,0.8393999934196472,0.8425999879837036,0.8384000062942505,0.8430999517440796,0.849399983882904,0.8449999690055847,0.8476999998092651,0.854699969291687,0.8610999584197998,0.8567999601364136,0.8608999848365784,0.8669999837875366,0.8668999671936035,0.8671000003814697,0.8600999712944031,0.863099992275238,0.8592000007629395,0.8629999756813049,,,,,,,,,,,,,,,,,,,,,
0.6556999683380127,0.7400999665260315,0.7856000065803528,0.807699978351593,0.8229999542236328,0.8348999619483948,0.836899995803833,0.8496999740600586,0.8513999581336975,0.8491999506950378,0.8518999814987183,0.8561999797821045,0.856499969959259,0.8578999638557434,0.8607999682426453,0.8644999861717224,0.8622999787330627,0.8562999963760376,0.85589998960495,0.8570999503135681,0.8615999817848206,0.8601999878883362,0.8557999730110168,0.8557999730110168,0.8646999597549438,0.8628000020980835,,,,,,,,,,,,,,,,,,
0.49959999322891235,0.6072999835014343,0.6766999959945679,0.722000002861023,0.7547999620437622,0.7770000100135803,0.8024999499320984,0.8057999610900879,0.8215999603271484,0.8300999999046326,0.8359999656677246,0.8460999727249146,0.8537999987602234,0.857699990272522,0.863099992275238,0.8593999743461609,0.8628000020980835,0.8641999959945679,0.8684999942779541,0.8685999512672424,0.8766999840736389,0.8718999624252319,0.8782999515533447,0.8743999600410461,0.8751999735832214,0.8752999901771545,0.8761000037193298,0.8740999698638916,0.880299985408783,0.8756999969482422,0.8786999583244324,0.8745999932289124,0.8782999515533447,,,,,,,,,,,
0.49539998173713684,0.6082000136375427,0.6797999739646912,0.7109999656677246,0.7608000040054321,0.7749999761581421,0.7979999780654907,0.8080999851226807,0.820099949836731,0.8262999653816223,0.8414999842643738,0.8376999497413635,0.8481000065803528,0.8501999974250793,0.8532999753952026,0.856499969959259,0.857699990272522,0.8589999675750732,0.8748999834060669,0.8748999834060669,0.8671000003814697,0.8689000010490417,0.871999979019165,0.8684999942779541,0.8755999803543091,0.8757999539375305,0.8799999952316284,0.8743999600410461,0.8770999908447266,0.8794999718666077,0.8804000020027161,0.8775999546051025,,,,,,,,,,,,
0.5256999731063843,0.6245999932289124,0.7024999856948853,0.733199954032898,0.7712000012397766,0.7894999980926514,0.8018999695777893,0.8156999945640564,0.8312999606132507,0.8378999829292297,0.8420000076293945,0.8547999858856201,0.8567000031471252,0.8446999788284302,0.8604999780654907,0.8579999804496765,0.8631999492645264,0.8658999800682068,0.8685999512672424,0.8726999759674072,0.875,0.8666999936103821,0.8684999942779541,0.8730999827384949,0.8757999539375305,,,,,,,,,,,,,,,,,,,
0.4926999807357788,0.6096000075340271,0.7102999687194824,0.7468000054359436,0.7708999514579773,0.7938999533653259,0.8119999766349792,0.8233000040054321,0.8283999562263489,0.8438999652862549,0.8459999561309814,0.8497999906539917,0.858299970626831,0.8600999712944031,0.8611999750137329,0.8657999634742737,0.8557999730110168,0.8678999543190002,0.8676999807357788,0.8722999691963196,0.8750999569892883,0.8776999711990356,0.8747999668121338,0.870199978351593,,,,,,,,,,,,,,,,,,,,
0.4984999895095825,0.6196999549865723,0.7038999795913696,0.7297999858856201,0.7651000022888184,0.7897999882698059,0.8073999881744385,0.8169999718666077,0.8270999789237976,0.8456999659538269,0.8391000032424927,0.8463999629020691,0.852899968624115,0.8585000038146973,0.8596000075340271,0.8570999503135681,0.8671000003814697,0.8707000017166138,0.8697999715805054,0.8743999600410461,0.8748999834060669,0.8737999796867371,0.8748999834060669,0.8708999752998352,0.8736000061035156,0.8781999945640564,0.8725999593734741,,,,,,,,,,,,,,,,,
0.3806999921798706,0.4875999987125397,0.5547999739646912,0.6008999943733215,0.6609999537467957,0.6711999773979187,0.7080999612808228,0.7283999919891357,0.7491999864578247,0.7626000046730042,0.7838999629020691,0.7912999987602234,0.7958999872207642,0.8078999519348145,0.8111000061035156,0.8211999535560608,0.8121999502182007,0.8341999650001526,0.8369999527931213,0.8378999829292297,0.8371999859809875,0.8453999757766724,0.8527999520301819,0.8536999821662903,0.8414999842643738,0.8570999503135681,0.8646000027656555,0.8593999743461609,0.8712999820709229,0.8648999929428101,0.8671999573707581,,,,,,,,,,,,,
0.35740000009536743,0.42559999227523804,0.5127999782562256,0.5884000062942505,0.6423999667167664,0.6787999868392944,0.7055000066757202,0.7297999858856201,0.7483999729156494,0.7543999552726746,0.779699981212616,0.7813999652862549,0.7944999933242798,0.8008999824523926,0.8158999681472778,0.8210999965667725,0.8183000087738037,0.8265999555587769,0.8277999758720398,0.8378999829292297,0.8394999504089355,0.8360999822616577,0.8517000079154968,0.8417999744415283,0.8580999970436096,0.8589999675750732,0.8445999622344971,0.8552999496459961,0.8634999990463257,,,,,,,,,,,,,,,
0.33649998903274536,0.45829999446868896,0.5575999617576599,0.6309999823570251,0.6675999760627747,0.7130999565124512,0.7195999622344971,0.751800000667572,0.7692999839782715,0.7782999873161316,0.7929999828338623,0.7993999719619751,0.8102999925613403,0.8093000054359436,0.8206999897956848,0.8294000029563904,0.8399999737739563,0.8356999754905701,0.8361999988555908,0.8425999879837036,0.8417999744415283,0.8537999987602234,0.8481000065803528,0.8610999584197998,0.8532999753952026,0.8586999773979187,0.8583999872207642,0.8632999658584595,0.8660999536514282,,,,,,,,,,,,,,,
0.3999999761581421,0.5159000158309937,0.580299973487854,0.6322000026702881,0.6570000052452087,0.6783999800682068,0.727899968624115,0.7386999726295471,0.7584999799728394,0.7823999524116516,0.786899983882904,0.8021000027656555,0.8060999512672424,0.8198999762535095,0.827299952507019,0.8294000029563904,0.8321999907493591,0.840499997138977,0.8416000008583069,0.843999981880188,0.8472999930381775,0.8517000079154968,0.8549999594688416,0.8540999889373779,0.8608999848365784,0.8585999608039856,0.8610000014305115,0.8614999651908875,0.8655999898910522,0.8657000064849854,0.8666999936103821,0.8704999685287476,0.8737999796867371,0.871999979019165,0.8703999519348145,0.8779999613761902,0.8761000037193298,,,,,,,
0.4178999960422516,0.5360000133514404,0.5898999571800232,0.652999997138977,0.6919999718666077,0.707099974155426,0.7222999930381775,0.7529000043869019,0.7621999979019165,0.7836999893188477,0.7949999570846558,0.799299955368042,0.8041999936103821,0.8143999576568604,0.8253999948501587,0.8303999900817871,0.8295999765396118,0.838699996471405,0.842199981212616,0.8531999588012695,0.8447999954223633,0.8489999771118164,0.8529999852180481,0.8589999675750732,0.8574000000953674,0.8568999767303467,0.8619999885559082,0.8629999756813049,0.8649999499320984,0.8640999794006348,0.8615999817848206,0.8684999942779541,0.866599977016449,0.8666999936103821,0.8678999543190002,0.871399998664856,0.8721999526023865,0.8741999864578247,0.873699963092804,0.8684999942779541,0.8769999742507935,0.871399998664856,0.8777999877929688,0.8698999881744385
0.3165999948978424,0.39229997992515564,0.4812999963760376,0.5654999613761902,0.6053000092506409,0.6426999568939209,0.6627999544143677,0.6830999851226807,0.7080999612808228,0.7030999660491943,0.7214999794960022,0.7484999895095825,0.7644999623298645,0.7731999754905701,0.7849999666213989,0.7793999910354614,0.7920999526977539,0.8043999671936035,0.8084999918937683,0.8174999952316284,0.8145999908447266,0.8259999752044678,0.8312999606132507,0.8235999941825867,0.8366999626159668,0.8301999568939209,0.8362999558448792,0.8461999893188477,0.8438999652862549,0.843999981880188,0.8425999879837036,0.8473999500274658,0.8529999852180481,0.8603999614715576,0.8554999828338623,0.8610999584197998,0.8650999665260315,0.8608999848365784,,,,,,
0.3140999972820282,0.42639997601509094,0.501800000667572,0.5483999848365784,0.5692999958992004,0.6281999945640564,0.6578999757766724,0.6777999997138977,0.6843999624252319,0.7044999599456787,0.7303000092506409,0.7387999892234802,0.7504000067710876,0.7638999819755554,0.7736999988555908,0.7937999963760376,0.7878999710083008,0.7967000007629395,0.7953000068664551,0.8129000067710876,0.8204999566078186,0.8222000002861023,0.8251000046730042,0.8233000040054321,0.8314999938011169,0.8387999534606934,0.8371999859809875,0.847599983215332,0.8371999859809875,0.8478999733924866,0.8445999622344971,,,,,,,,,,,,,
0.28949999809265137,0.367499977350235,0.45979997515678406,0.5105000138282776,0.5686999559402466,0.6128999590873718,0.6428999900817871,0.6721999645233154,0.6924999952316284,0.7110999822616577,0.7282999753952026,0.7277999520301819,0.7426999807357788,0.7612999677658081,0.773099958896637,0.7759000062942505,0.7865999937057495,0.7942000031471252,0.8069999814033508,0.8138999938964844,0.8079999685287476,0.8131999969482422,0.8255999684333801,0.8215999603271484,,,,,,,,,,,,,,,,,,,,
0.30300000309944153,0.3603000044822693,0.4276999831199646,0.4569999873638153,0.5446000099182129,0.592199981212616,0.6193000078201294,0.6510999798774719,0.6662999987602234,0.6922999620437622,0.6988999843597412,0.7288999557495117,0.7375999689102173,0.748199999332428,0.7702999711036682,0.7773999571800232,0.7820999622344971,0.7893999814987183,0.8068000078201294,0.8073999881744385,0.8144999742507935,0.8222000002861023,0.8220999836921692,0.8327999711036682,0.8316999673843384,0.8398999571800232,0.8325999975204468,0.8427000045776367,,,,,,,,,,,,,,,,
0.3220999836921692,0.3764999806880951,0.4307999908924103,0.4845999777317047,0.5688999891281128,0.5931999683380127,0.625,0.6545999646186829,0.6495999693870544,0.6801999807357788,0.7184000015258789,0.7452999949455261,0.7529000043869019,0.7597999572753906,0.773099958896637,0.7846999764442444,0.7892000079154968,0.7990999817848206,0.811199963092804,0.8007999658584595,0.8309999704360962,0.8308999538421631,0.8345999717712402,0.8387999534606934,0.8395999670028687,0.849299967288971,0.8486999869346619,0.8420000076293945,0.8489999771118164,0.8454999923706055,0.8476999998092651,0.8545999526977539,0.8513999581336975,0.8634999990463257,0.863099992275238,0.8629999756813049,,,,,,,,
0.6977999806404114,0.7667999863624573,0.7971000075340271,0.8120999932289124,0.8260999917984009,0.8330000042915344,0.8226000070571899,0.8289999961853027,0.8319999575614929,0.832099974155426,0.833899974822998,0.8384999632835388,0.8370999693870544,0.8341999650001526,0.8366999626159668,0.8424999713897705,,,,,,,,,,,,,,,,,,,,,,,,,,,,
0.693399965763092,0.7523999810218811,0.7840999960899353,0.8015999794006348,0.8188999891281128,0.8084999918937683,0.8248999714851379,0.8274999856948853,0.825499951839447,0.8310999870300293,0.8259999752044678,0.828499972820282,0.8366999626159668,0.8303999900817871,0.8306999802589417,0.835099995136261,0.8352999687194824,0.8323999643325806,0.833299994468689,,,,,,,,,,,,,,,,,,,,,,,,,
0.6972999572753906,0.750499963760376,0.7838999629020691,0.8066999912261963,0.814799964427948,0.8193999528884888,0.8259999752044678,0.8308999538421631,0.8263999819755554,0.8294000029563904,0.8316999673843384,0.8335999846458435,0.8305999636650085,0.8303999900817871,0.8288999795913696,0.836899995803833,0.835099995136261,0.8330000042915344,0.8384999632835388,,,,,,,,,,,,,,,,,,,,,,,,,
0.676099956035614,0.7585999965667725,0.7940999865531921,0.8024999499320984,0.8107999563217163,0.814300000667572,0.8202999830245972,0.8233999609947205,0.8327999711036682,0.8280999660491943,0.8395999670028687,0.8306999802589417,0.835599958896637,0.8330000042915344,0.8384000062942505,0.8356999754905701,0.8371999859809875,0.8287999629974365,0.8380999565124512,0.8335999846458435,0.8391000032424927,0.8357999920845032,,,,,,,,,,,,,,,,,,,,,,
0.683899998664856,0.7495999932289124,0.7845999598503113,0.8093000054359436,0.814799964427948,0.8190999627113342,0.8291999697685242,0.8188999891281128,0.8323000073432922,0.8265999555587769,0.8265999555587769,0.8294999599456787,0.8330000042915344,0.8353999853134155,0.8314999938011169,0.8362999558448792,0.835099995136261,0.8291999697685242,0.8333999514579773,0.8324999809265137,,,,,,,,,,,,,,,,,,,,,,,,
0.6245999932289124,0.7127000093460083,0.7537999749183655,0.7816999554634094,0.7961999773979187,0.7997999787330627,0.8134999871253967,0.8169999718666077,0.8287999629974365,0.8289999961853027,0.830299973487854,0.8273999691009521,0.8330000042915344,0.8323000073432922,0.8384000062942505,0.8389999866485596,0.8380999565124512,0.8416999578475952,,,,,,,,,,,,,,,,,,,,,,,,,,
0.6146999597549438,0.7066999673843384,0.748199999332428,0.7714999914169312,0.8000999689102173,0.8068999648094177,0.8130999803543091,0.8144999742507935,0.8203999996185303,0.832099974155426,0.8333999514579773,0.8290999531745911,0.8281999826431274,0.8348999619483948,0.8333999514579773,0.8253999948501587,0.8343999981880188,0.8309999704360962,0.8379999995231628,,,,,,,,,,,,,,,,,,,,,,,,,
0.6202999949455261,0.7113999724388123,0.7513999938964844,0.786899983882904,0.7971000075340271,0.8084999918937683,0.8133999705314636,0.8191999793052673,0.823699951171875,0.8252999782562256,0.8265999555587769,0.8309999704360962,0.8305000066757202,0.8330000042915344,0.8349999785423279,0.8416999578475952,0.8381999731063843,0.8389999866485596,0.8409000039100647,,,,,,,,,,,,,,,,,,,,,,,,,
0.6293999552726746,0.7156999707221985,0.7550999522209167,0.7838000059127808,0.7953000068664551,0.8083999752998352,0.8158999681472778,0.8191999793052673,0.8252999782562256,0.8263999819755554,0.8280999660491943,0.836899995803833,0.8346999883651733,0.8394999504089355,0.8418999910354614,0.840499997138977,0.8424999713897705,0.8422999978065491,0.8398999571800232,0.8399999737739563,0.840999960899353,,,,,,,,,,,,,,,,,,,,,,,
0.6191999912261963,0.7023999691009521,0.7411999702453613,0.7789999842643738,0.7892999649047852,0.7990999817848206,0.8140999674797058,0.8187999725341797,0.8229999542236328,0.8260999917984009,0.8289999961853027,0.8244999647140503,0.8366999626159668,0.8369999527931213,0.8341000080108643,0.8330999612808228,0.8355000019073486,0.8389999866485596,0.8319000005722046,0.8391000032424927,0.8391000032424927,,,,,,,,,,,,,,,,,,,,,,,
0.5282999873161316,0.6347000002861023,0.6726999878883362,0.7206000089645386,0.7396999597549438,0.7613999843597412,0.7771999835968018,0.7839999794960022,0.7993999719619751,0.8048999905586243,0.8112999796867371,0.8115999698638916,0.8188999891281128,0.8138999938964844,0.8271999955177307,0.8277999758720398,0.8240999579429626,0.8258000016212463,0.8255999684333801,0.8283999562263489,0.8342999815940857,0.827299952507019,0.8374999761581421,0.8301999568939209,0.8378999829292297,0.8260999917984009,,,,,,,,,,,,,,,,,,
0.5138999819755554,0.6146999597549438,0.6832999587059021,0.7163999676704407,0.7419999837875366,0.7717999815940857,0.7734999656677246,0.7883999943733215,0.8033999800682068,0.8032000064849854,0.8143999576568604,0.8183000087738037,0.817799985408783,0.8303999900817871,0.8190000057220459,0.8233000040054321,0.8228999972343445,0.828499972820282,0.8328999876976013,0.8359000086784363,0.8280999660491943,0.8327999711036682,0.833299994468689,0.8355000019073486,0.8342999815940857,0.8330999612808228,0.8337000012397766,0.8382999897003174,,,,,,,,,,,,,,,,
0.512499988079071,0.6047999858856201,0.6674999594688416,0.7105000019073486,0.7419999837875366,0.7580999732017517,0.7731999754905701,0.7822999954223633,0.7986999750137329,0.8136999607086182,0.8112999796867371,0.820099949836731,0.8260999917984009,0.8170999884605408,0.8215000033378601,0.826200008392334,0.8301999568939209,0.8269000053405762,0.8312000036239624,0.8341999650001526,0.8327999711036682,0.8288999795913696,0.8306999802589417,0.8305000066757202,,,,,,,,,,,,,,,,,,,,
0.5054000020027161,0.6154999732971191,0.6800999641418457,0.7179999947547913,0.7383999824523926,0.7608000040054321,0.7665999531745911,0.7886999845504761,0.7985999584197998,0.8036999702453613,0.8026999831199646,0.8158999681472778,0.8120999932289124,0.808899998664856,0.8216999769210815,0.8197000026702881,0.8273999691009521,0.8245999813079834,0.8287000060081482,0.8271999955177307,0.8367999792098999,0.8251000046730042,0.8242999911308289,0.8294000029563904,0.8292999863624573,0.8283999562263489,,,,,,,,,,,,,,,,,,
0.5206999778747559,0.6261999607086182,0.677899956703186,0.7249000072479248,0.7437999844551086,0.7689999938011169,0.7912999987602234,0.7949999570846558,0.7960999608039856,0.8108999729156494,0.8104000091552734,0.8123999834060669,0.8201999664306641,0.8205999732017517,0.8230999708175659,0.8297999501228333,0.8319999575614929,0.8319000005722046,0.8291999697685242,0.8324999809265137,0.8262999653816223,0.8370999693870544,0.8392999768257141,0.8359000086784363,0.8323000073432922,0.8345999717712402,,,,,,,,,,,,,,,,,,
0.43379998207092285,0.5432999730110168,0.6031000018119812,0.6407999992370605,0.6782999634742737,0.7046999931335449,0.73089998960495,0.738099992275238,0.7566999793052673,0.7687000036239624,0.7795999646186829,0.777999997138977,0.7908999919891357,0.8030999898910522,0.8017999529838562,0.8105999827384949,0.8065999746322632,0.8190000057220459,0.8089999556541443,0.8140999674797058,0.8194999694824219,0.8181999921798706,0.8219999670982361,0.8317999839782715,0.8253999948501587,0.8244999647140503,0.8252999782562256,0.8288999795913696,0.830299973487854,0.826200008392334,0.8283999562263489,,,,,,,,,,,,,
0.42739999294281006,0.5478999614715576,0.5907999873161316,0.6403999924659729,0.6717000007629395,0.7099999785423279,0.7329999804496765,0.7500999569892883,0.7633000016212463,0.774899959564209,0.7824999690055847,0.7983999848365784,0.8008999824523926,0.8026999831199646,0.8131999969482422,0.8208999633789062,0.8170999884605408,0.8155999779701233,0.823699951171875,0.8240999579429626,0.8190000057220459,0.8202999830245972,0.8259999752044678,0.8299999833106995,0.8262999653816223,0.825499951839447,0.826200008392334,0.8348000049591064,0.830299973487854,0.8301999568939209,0.8325999975204468,0.8371999859809875,0.8337999582290649,0.8334999680519104,0.8337000012397766,0.8305999636650085,,,,,,,,
0.4001999795436859,0.524399995803833,0.583899974822998,0.62909996509552,0.6660000085830688,0.6988999843597412,0.7078999876976013,0.7444999814033508,0.7342000007629395,0.7646999955177307,0.7749999761581421,0.7791000008583069,0.7827999591827393,0.7932999730110168,0.7996999621391296,0.8062999844551086,0.8014999628067017,0.8061999678611755,0.8034999966621399,0.8091999888420105,0.8116999864578247,0.8150999546051025,0.8186999559402466,0.8181999921798706,0.8210999965667725,0.8180999755859375,0.817799985408783,0.8179999589920044,0.8227999806404114,0.8228999972343445,0.8201999664306641,0.826200008392334,0.8287999629974365,0.8279999494552612,0.8217999935150146,0.8205999732017517,,,,,,,,
0.4350999891757965,0.5424000024795532,0.5884000062942505,0.6236000061035156,0.676099956035614,0.7023999691009521,0.7356999516487122,0.7497999668121338,0.7547000050544739,0.7803999781608582,0.786300003528595,0.7906999588012695,0.798799991607666,0.8052999973297119,0.8039999604225159,0.8127999901771545,0.8139999508857727,0.8180999755859375,0.8151999711990356,0.8270999789237976,0.8247999548912048,0.8292999863624573,0.8118999600410461,0.8305000066757202,0.8290999531745911,0.8300999999046326,0.8208999633789062,,,,,,,,,,,,,,,,,
0.41830000281333923,0.5345999598503113,0.5945999622344971,0.6455000042915344,0.6746999621391296,0.6940000057220459,0.7271999716758728,0.7416999936103821,0.7601999640464783,0.7766000032424927,0.777999997138977,0.7879999876022339,0.8057000041007996,0.7884999513626099,0.8157999515533447,0.8032999634742737,0.8150999546051025,0.8173999786376953,0.821399986743927,0.8198999762535095,0.817799985408783,0.8271999955177307,,,,,,,,,,,,,,,,,,,,,,
638.7743668556213,408.0651450753212,316.7965782880783,262.2902030944824,226.45195788145065,196.6623509824276,174.9834874868393,152.9139994829893,135.56098113954067,117.8936780616641,102.68508320301771,89.00734964758158,78.71525004506111,68.45297042280436,60.40741576068103,52.93616918474436,49.03285051649436,45.50992697104812,39.39898188505322,36.681719206273556,34.49362153559923,29.824086943641305,29.746804640628397,,,,,,,,,,,,,,,,,,,,,
654.3285336494446,430.47036242485046,335.10613974928856,278.27072659134865,238.44810247421265,208.70893543958664,183.25256066024303,161.11625415086746,143.8908507078886,123.69886829704046,108.42918821424246,97.49379279464483,85.14963424950838,72.62669800594449,64.63854269683361,56.39847517572343,51.37286273017526,44.3505099657923,43.94331055972725,,,,,,,,,,,,,,,,,,,,,,,,,
650.5151320099831,412.056637942791,320.05276188254356,265.1507560610771,229.77317437529564,202.08567515015602,173.9644696712494,153.62189562618732,136.44022408127785,119.14139697700739,104.71834529936314,90.25302999839187,83.20024229213595,69.71596375852823,63.63488623313606,56.869906678795815,49.22859779931605,45.13468771241605,40.322174401953816,37.45497562456876,32.62519020680338,30.056175116449594,31.67802699888125,,,,,,,,,,,,,,,,,,,,,
662.5040475130081,426.6572935581207,324.32347106933594,270.0658836066723,229.58600336313248,200.17460851371288,174.3509287983179,153.92825327813625,133.55708142369986,117.55858778953552,102.42463455349207,90.19235822558403,78.43572998046875,70.50890006497502,61.80389994010329,54.31991601921618,45.05571411177516,43.70606780145317,40.66800417564809,36.08252416085452,33.58355263900012,32.17231070948765,31.960326987318695,,,,,,,,,,,,,,,,,,,,,
646.194121837616,416.3149375319481,319.8358565866947,267.64848962426186,231.08534909784794,200.71747432649136,177.93064114451408,158.39204473793507,138.72070664167404,120.82600972056389,107.52845271676779,94.3352130241692,84.05324809253216,72.9433613717556,65.93286713957787,55.78166379034519,50.042458636686206,45.09665626194328,41.790685126557946,38.732926280237734,35.78294630628079,33.409447277896106,31.693233450874686,29.22759052924812,26.656897803302854,26.261128314770758,,,,,,,,,,,,,,,,,,
813.7552312612534,604.2854702472687,492.6162974834442,418.19357204437256,361.59063839912415,315.7429921925068,282.74617253243923,254.25521713495255,231.72374959290028,211.067533493042,191.6229800581932,180.08271330595016,164.5149324387312,152.06174840033054,141.27488370239735,130.6928645297885,119.52533154189587,112.41351518034935,103.28312343358994,96.36117796972394,86.83784403651953,80.89894971251488,75.42337986081839,69.56655400246382,64.40931640565395,59.70592922158539,55.450314624235034,54.00193049386144,47.49530765879899,44.98584061674774,42.78938659373671,37.69165133591741,39.855562545359135,,,,,,,,,,,
797.0569096803665,598.3086098432541,492.2017767429352,420.522235929966,361.1431167423725,318.82049480080605,282.20425264537334,256.1290168762207,234.6528568416834,213.81627014279366,198.28386767208576,181.01132452487946,167.9239240437746,153.95245805382729,141.6993267610669,132.2317740023136,122.35290356725454,114.90314711630344,104.0292346328497,94.53254443407059,87.69470348581672,84.34529162943363,77.36127169802785,71.27211228944361,67.35119095817208,64.00744918733835,59.3812609128654,55.663641925901175,50.805925575084984,49.30691266711801,40.99599518533796,41.555723580531776,,,,,,,,,,,,
791.6624140739441,577.0697801709175,466.7285714149475,388.6430490016937,333.2724737524986,291.811290115118,259.2697232365608,234.35086891055107,215.93823382258415,194.65240110456944,178.92516770213842,166.76022212207317,152.8527372777462,139.3549603894353,131.00912064313889,117.60673405975103,110.08820709586143,98.7969424650073,93.03889672085643,87.48000939935446,77.16744968108833,74.03413104452193,66.32989266514778,58.99549801647663,59.186301758512855,,,,,,,,,,,,,,,,,,,
814.2002060413361,579.3088449835777,457.64616471529007,383.27024644613266,328.7564563155174,290.62737759947777,256.97914096713066,236.42281290888786,212.41782549023628,192.2137418538332,178.39002186059952,164.6452133283019,153.89729557186365,138.95537213236094,127.46781200915575,117.42763893306255,108.39460925012827,100.5197898261249,93.08769065514207,85.81384503096342,80.545349676162,73.16481864452362,65.7838330194354,65.73102735355496,,,,,,,,,,,,,,,,,,,,
794.3938266038895,590.1341714262962,468.30879616737366,389.2431133687496,334.4861083328724,293.4999680221081,261.22586637735367,234.99727492034435,214.87863723933697,193.75299471616745,176.3869214951992,165.2751980125904,150.60229225456715,137.75142574310303,128.2324743270874,117.55744705349207,107.94486993551254,99.31714275106788,91.86572923883796,84.32349728420377,81.53914234042168,70.56131696328521,67.36226031556726,60.34124818816781,56.74995490722358,51.69961475767195,51.28201039042324,,,,,,,,,,,,,,,,,
925.7341616153717,738.5607281923294,633.7926331758499,561.052228987217,506.5446742773056,461.6568454504013,427.95342803001404,396.6357797384262,364.8732573091984,336.5898050069809,313.17351976037025,295.2799765765667,275.9059074521065,256.6103671193123,242.61352179944515,226.29580353200436,216.82367131114006,206.36899158358574,194.5241795182228,185.60870917141438,175.3917120695114,167.4723164588213,161.307427495718,150.95218785107136,144.79344948381186,139.37714290618896,133.2011310942471,128.82669834047556,120.59838613122702,115.36596244573593,113.60184948891401,,,,,,,,,,,,,
945.6795984506607,794.229376077652,698.4095338582993,606.4752490520477,530.9102342128754,472.04416954517365,426.82140094041824,389.2813796699047,358.4177155792713,329.0145126283169,305.3527817726135,286.9255755841732,268.0254345536232,251.28913658857346,237.17496015131474,227.3336754888296,213.90886622667313,201.84234635531902,192.42751632630825,183.8674001097679,175.3248289525509,166.38889801502228,159.0068967267871,151.18996711820364,143.4500252455473,138.93623986840248,130.2929586842656,124.35999471694231,121.38798370212317,,,,,,,,,,,,,,,
960.4201493263245,781.6808718442917,653.8917719125748,548.0264475941658,474.13765799999237,420.60920798778534,381.97653514146805,348.6753925681114,321.19842797517776,297.8689714074135,274.5291438996792,260.3990876674652,242.12438733875751,229.44391006231308,215.5694898366928,204.11133886873722,193.49263352155685,185.2642141878605,175.0935590416193,164.14854767918587,156.91531095653772,146.9767390191555,142.7823023274541,133.72704441845417,128.9167938157916,122.85839768499136,116.335084579885,109.80491884797812,107.11296090483665,,,,,,,,,,,,,,,
904.3445628881454,727.4721162319183,614.6258679032326,536.9171970486641,486.5291368365288,439.64074462652206,400.0633777976036,367.48926600813866,337.0231650173664,311.4274208545685,290.57010650634766,274.1004810631275,254.1479598581791,238.54533268511295,226.32255420088768,213.92506743967533,198.83276937901974,192.1449286043644,183.9531453102827,171.95349438488483,167.02495205402374,154.29966912418604,147.6031083986163,143.27044317126274,133.12580028921366,127.70311550050974,122.8050481453538,117.90196604281664,111.79497602581978,107.36881424486637,100.8311801739037,97.22381226718426,91.99032187089324,88.93960344046354,85.41582295671105,81.42297961935401,79.90143522620201,,,,,,,
900.4363825321198,709.0998437404633,592.9102873802185,518.9942736625671,464.5192095041275,415.73370373249054,384.3808741271496,349.8829329609871,322.717950463295,299.0253874659538,277.7172471880913,257.90520709753036,242.21364569664001,229.1761036515236,214.2384728938341,202.28853814303875,191.16599640250206,179.74567106366158,172.39388842880726,162.06334626674652,152.68293745815754,146.03866143524647,139.897389665246,132.83091612160206,126.7500497661531,118.81713918596506,112.32026232779026,106.81859449669719,102.87300128489733,98.949224203825,92.27820950001478,85.69114780053496,81.53858205862343,78.31783125922084,74.46221998333931,72.15853629261255,68.39599681645632,64.60906937345862,62.94782669469714,60.41581881418824,57.19062501937151,54.69084940105677,50.46713242121041,50.009626464918256
968.371239066124,846.2717189788818,754.8131124973297,647.6698806285858,570.04674243927,520.1360006332397,476.24495989084244,446.8130373954773,418.1038232445717,396.22410547733307,373.75889509916306,353.7336732149124,333.3932357132435,313.8690802156925,296.2514046728611,281.5586374402046,267.56431418657303,254.76282453536987,241.05350849032402,234.1397984623909,220.69629596173763,211.07427468895912,204.35745513439178,195.68231710791588,189.73720894753933,181.69872923195362,171.85817417502403,164.82157930731773,159.61731220781803,153.81454826891422,148.49586322903633,143.7432234659791,137.48232072591782,130.94251772761345,126.11820831149817,121.61415982246399,115.73858240991831,114.8376801982522,,,,,,
965.2050198316574,824.6963669061661,718.669031381607,644.5229008197784,589.1153415441513,542.8374536037445,501.1757056117058,464.43767607212067,435.89837622642517,411.4009140133858,384.94160211086273,366.8759346604347,347.07935363054276,329.45984733104706,309.54645523428917,293.99166363477707,277.65114372968674,265.75541400909424,254.41932539641857,239.99544011056423,231.42390045523643,219.03339178860188,209.93784625828266,201.88227219879627,193.69609531760216,187.82037007808685,180.53197064995766,172.26008541882038,166.4427181482315,156.79036384820938,153.7057817876339,,,,,,,,,,,,,
1008.7274615764618,857.4658803939819,772.9665217399597,675.3670290708542,606.4838255047798,550.2170757651329,507.49179047346115,470.60088032484055,440.0060397386551,410.9328488111496,388.0205847322941,364.5381728410721,343.2758215367794,325.53949731588364,308.20389288663864,292.5166779458523,279.41704618930817,267.9052530527115,255.39232309162617,241.94303831458092,234.54635205864906,222.13059750199318,212.9804859161377,207.96403166651726,,,,,,,,,,,,,,,,,,,,
993.6486002206802,858.8752191066742,792.4664705991745,728.3128426074982,657.9463737010956,588.388603746891,534.5690270662308,491.7585085630417,457.96904611587524,429.910908639431,402.94456470012665,382.97823762893677,361.6485379040241,343.96063655614853,323.2582758963108,309.9677692055702,290.6417932510376,274.9631218612194,261.16791547834873,249.29827949404716,239.73003309965134,226.81700891256332,218.62326580286026,209.52986818552017,200.47294741868973,191.25895734131336,182.32112057507038,178.82089194655418,,,,,,,,,,,,,,,,
986.3687574863434,841.8327380418777,767.2902321815491,696.297551035881,634.7276351451874,572.2351105809212,533.6197533607483,495.9675315618515,463.54816323518753,433.2973599433899,404.2313123345375,378.62854251265526,351.6692995727062,330.5523653328419,308.87346318364143,287.02565652132034,270.473900616169,253.16254779696465,241.3389343470335,230.85941675305367,220.5751864463091,205.777673214674,198.67774687707424,190.5923165678978,182.12159618735313,174.82284271717072,167.82458704710007,158.95181138813496,154.84384585171938,147.72167360782623,141.222149387002,136.04902383685112,131.15536750108004,126.92667268961668,122.06040585041046,119.69797522574663,,,,,,,,
579.7235186100006,357.19604629278183,279.03213199973106,227.3498897999525,192.6614610850811,162.97589564323425,142.43859028071165,123.63395745307207,108.68771333992481,94.12297505885363,84.43626893311739,76.16434710100293,66.30458015576005,60.70539729855955,52.9333657361567,52.395779363811016,,,,,,,,,,,,,,,,,,,,,,,,,,,,
586.9341253042221,366.1684462428093,285.34508433938026,237.47645357251167,197.5264386087656,169.14439064264297,148.78156039118767,126.82426130771637,112.72762668132782,98.22115103155375,87.5666642934084,79.26264528930187,69.78609626367688,63.616321723908186,59.78414714336395,52.74131841957569,48.5130446460098,44.53697410784662,43.52734222449362,,,,,,,,,,,,,,,,,,,,,,,,,
582.1844536066055,360.1652949154377,280.782306432724,228.96996214985847,195.8421170860529,167.07327166199684,145.3258255496621,126.07611802220345,109.45847211778164,95.91576947644353,87.41015291586518,76.51470638811588,70.25089060142636,63.0693935751915,60.039144184440374,53.24469160474837,46.778128921985626,43.65684961620718,42.81017907522619,,,,,,,,,,,,,,,,,,,,,,,,,
582.6355519294739,360.2057816386223,282.0598799288273,233.36330439150333,197.15519857406616,169.3373928964138,148.2052233070135,126.68236827850342,111.5208337828517,98.80773213505745,89.40941175073385,75.91283782944083,71.3490947894752,62.02653534337878,56.938535613939166,51.95593789406121,48.567413894459605,45.985671292990446,41.36145876161754,38.47993917949498,36.995869390666485,36.59600493684411,,,,,,,,,,,,,,,,,,,,,,
599.2999179959297,372.8183231651783,288.7750733792782,234.39846950769424,197.71417355537415,171.37465125322342,148.23634573817253,129.6191879287362,111.68875623494387,98.38244649767876,86.93197232112288,76.01579470932484,69.424489852041,63.85731994360685,58.69914709404111,51.537238359451294,49.049036452546716,46.828775603324175,39.92090193461627,39.5081824073568,,,,,,,,,,,,,,,,,,,,,,,,
704.9855035543442,445.085851252079,352.2342385351658,291.43188735842705,249.08871337771416,216.14940138161182,190.51418851315975,168.4419740885496,150.72903944551945,132.8914378285408,117.73847327381372,105.39353908598423,96.99148402735591,85.66305843740702,82.60995142161846,72.98561031743884,64.19342418946326,63.24464223347604,,,,,,,,,,,,,,,,,,,,,,,,,,
701.228800714016,451.6656841635704,353.5705577135086,295.73032650351524,253.35801734030247,216.41625790297985,192.95116317272186,166.068432867527,152.3340626358986,131.09504512697458,117.48748282343149,107.02567974478006,96.58378768712282,88.59573312476277,78.72542104125023,71.1603640280664,66.82792669720948,59.62209497950971,58.4104513162747,,,,,,,,,,,,,,,,,,,,,,,,,
693.5577505230904,446.4000943303108,351.53308337926865,288.65307492017746,245.995581433177,214.98197956383228,188.2027559131384,166.14364997297525,145.6789285093546,130.5014276355505,115.96178282797337,105.72509402781725,94.34608121588826,86.54577422887087,77.3807029593736,72.83877817168832,64.39251983910799,58.16603050194681,57.71734371595085,,,,,,,,,,,,,,,,,,,,,,,,,
691.9944947361946,436.37957805395126,346.69972452521324,287.7851772606373,246.0944440960884,212.38431419432163,190.45948772132397,164.52569489181042,150.11334112286568,133.7453200519085,119.40292135626078,106.23840500414371,95.9263533167541,86.24886389821768,80.08007731288671,69.02920605614781,65.45852058753371,61.840514320880175,57.72292170673609,51.62132836319506,50.86114118434489,,,,,,,,,,,,,,,,,,,,,,,
690.2353234887123,452.6001151204109,358.06184926629066,297.4286260008812,254.54374450445175,223.75783060491085,195.22165077924728,173.47328670322895,155.90676240622997,137.96636329591274,118.35796608775854,109.13103196024895,97.77696084976196,88.13699981197715,81.4699837230146,72.89096688851714,66.78398485854268,60.1784994173795,57.06133985426277,54.172307927161455,53.06105083040893,,,,,,,,,,,,,,,,,,,,,,,
836.2001367807388,585.5397045612335,476.85681730508804,402.48288428783417,348.2816095650196,305.144810795784,275.5126052200794,248.29336759448051,226.23294864594936,203.3999221175909,186.5177531093359,172.80631370842457,159.62145321071148,143.83035315573215,134.91943088173866,122.54400992393494,112.3018001653254,105.25619692355394,96.71290494129062,90.39496997743845,81.82721722498536,79.63858068175614,73.9473483748734,67.28199600987136,62.512203020974994,61.50952462293208,,,,,,,,,,,,,,,,,,
825.9234075546265,592.7662762403488,478.92027759552,401.9514631032944,345.84379118680954,305.04636257886887,267.9707118868828,240.70860108733177,220.77851530909538,200.65630891919136,179.86889033019543,163.6297096759081,155.42681834101677,137.70702426880598,128.6501921787858,117.4406183809042,107.42818423360586,99.8060366846621,90.98395942896605,84.19642363861203,79.69815773144364,75.73776338621974,69.1135364677757,64.40881240554154,62.200767550617456,56.75719573162496,53.91288787312806,53.414892153814435,,,,,,,,,,,,,,,,
829.3437119722366,612.0848405361176,493.3436156511307,411.9756768345833,354.61335000395775,307.4922361969948,276.30686789751053,243.97288036346436,222.08748324215412,199.22709669172764,181.39605355262756,166.049072265625,150.8281116038561,141.65747947990894,125.20428787916899,115.49565359577537,108.48611715435982,98.39976234734058,90.85823737829924,86.4211636763066,76.18945208191872,73.87011815235019,67.3183264285326,66.5401342716068,,,,,,,,,,,,,,,,,,,,
845.9348065853119,606.5532941818237,478.95773857831955,401.17877465486526,345.6957240700722,307.3938680291176,274.0386201441288,245.84820313751698,221.1895112246275,199.99894379079342,185.92621138691902,168.8576824069023,152.98718480020761,138.47894440591335,132.3808071911335,117.2259304523468,106.56056188046932,97.279675912112,91.66833713650703,85.14735889807343,80.1914377398789,74.13278732448816,69.89277318678796,61.74667373299599,58.50004368275404,58.49113833531737,,,,,,,,,,,,,,,,,,
845.1983270645142,573.3059418201447,469.1254026889801,397.7656284570694,344.4685625433922,301.40973049402237,268.3738779425621,241.22757703065872,217.81002938747406,199.95679287612438,179.570986405015,164.5500906854868,153.32591949403286,139.85206674784422,127.17240972816944,119.07865104824305,108.95136199146509,98.70765842497349,94.30213345214725,83.20883237943053,80.52644975483418,74.8145835287869,72.76397033408284,66.027882700786,58.720910646021366,60.20664984174073,,,,,,,,,,,,,,,,,,
958.1542235612869,708.1504086256027,584.4028459787369,505.45365381240845,451.02320498228073,407.41510528326035,365.6168758571148,331.2201486825943,305.30890929698944,284.3351036310196,262.5196639597416,242.685849070549,227.58127565681934,212.2340899258852,197.66108052432537,183.6104408353567,172.61424861848354,162.04945215582848,152.6403079405427,143.76233600080013,135.3626457899809,123.46225599199533,119.30106852948666,109.63756756484509,104.8598518744111,96.45156768709421,93.03369431570172,89.69368489831686,82.84565333463252,78.90672597289085,77.14826248586178,,,,,,,,,,,,,
928.6155205965042,705.1560679674149,588.4066212773323,513.7996257543564,455.59572023153305,402.85717248916626,361.50413650274277,323.2441364824772,296.99121886491776,269.45740446448326,249.88114207983017,233.3157212883234,217.94908149540424,200.2831130772829,187.86157023906708,173.3498684167862,162.1496675759554,152.7328703030944,142.7920000627637,132.22613751143217,125.08047027885914,118.30259919166565,108.44281682372093,103.25620859116316,98.67687436565757,92.72209891304374,85.3570863455534,82.4027192927897,78.54750664904714,73.55854564160109,71.34926621615887,67.79031666368246,65.23408011905849,63.39636834152043,56.88410172238946,56.71644768305123,,,,,,,,
963.0089834928513,734.8752324581146,622.2430053949356,535.882449567318,472.47643280029297,422.48639023303986,378.3089479804039,344.49935388565063,312.10176450014114,287.86299127340317,266.32115069031715,245.8084436506033,229.217204362154,209.57020312547684,195.76014977693558,183.13158313930035,172.1311180740595,158.69196470081806,147.87564639747143,137.51187366992235,130.8241577744484,121.23393399268389,112.82930175960064,103.04868542030454,99.31378987804055,92.44497352465987,85.97000329568982,82.61200963705778,77.68169564381242,72.48102961294353,70.57461243867874,68.76614548265934,64.71976185590029,59.84866851288825,57.70415659993887,57.18731961771846,,,,,,,,
939.6920440196991,704.2966970205307,589.357559978962,513.5224705934525,451.27718502283096,403.1259696185589,363.5200517773628,326.25749960541725,297.9323520064354,273.2670990526676,251.59833098948002,234.5374839901924,219.9143317490816,204.32474401593208,190.88312819600105,176.8311583995819,166.06018389761448,155.5108392983675,146.55976976454258,134.61834658682346,128.90846935659647,123.44465829059482,112.17979350313544,105.95302360132337,101.73051833361387,91.62168945744634,93.15271724388003,,,,,,,,,,,,,,,,,
936.6776171922684,714.5080261230469,593.3509134054184,523.4214774370193,465.34214329719543,418.50529485940933,375.32197201251984,340.6986671388149,309.560404419899,280.74140670895576,261.69521376490593,241.67103216052055,223.17902244627476,207.33643366396427,193.8739487528801,179.77137817442417,165.5056284442544,155.98641885071993,145.76867745816708,139.2925911396742,126.89945141598582,123.98477949947119,,,,,,,,,,,,,,,,,,,,,,
